url,image,name,price,odo
/mua-ban-oto-thanh-pho-tan-an-long-an/108769473.htm#px=SR-stickyad-[PO-1][PL-top],https://cdn.chotot.com/n6tabWHfdabMNCXMoLCCi6AZ0GN1A592xl-WOiQM_Bg/preset:listing/plain/f51c4242c134f70de5d5026893a9ea71-2837125047473045257.jpg,cáº§n ra e taxi hoÃ n lÆ°Æ¡ng,85.000.000 Ä‘,2006 - Sá»‘ sÃ n - 300000 km
/mua-ban-oto-quan-long-bien-ha-noi/106203556.htm#px=SR-stickyad-[PO-2][PL-top],https://cdn.chotot.com/adZoK46vm-brYWE4wd0grAEiEqn-tLupBIEf5hnehQQ/preset:listing/plain/44a1cff51a3cf6ecd692653266914a9e-2824463696249426464.jpg,CAMRY LE nháº­p Má»¹ báº£n full 7v hÆ¡n 400tr,470.000.000 Ä‘,2009 - Tá»± Ä‘á»™ng - 72000 km
/mua-ban-oto-quan-binh-thanh-tp-ho-chi-minh/108942329.htm#px=SR-stickyad-[PO-3][PL-top],https://cdn.chotot.com/tf0h_7iXxz7gAtpVwMnX-x89SevIdYPfuqoCeI3wlnw/preset:listing/plain/bf6e8abe621c9f5f0ec0ce50375d6a99-2838009616536581196.jpg,Fortuner 2021 MÃ¡y Dáº§u - Sá»‘ Tá»± Äá»™ng - Biá»ƒn SG Ä‘áº¹ppp,962.000.000 Ä‘,2021 - Tá»± Ä‘á»™ng - 25000 km
/mua-ban-oto-thanh-pho-thuan-an-binh-duong/108730337.htm#px=SR-stickyad-[PO-4][PL-top],https://cdn.chotot.com/Edux5ox6BYKlESAQb2pu4dJilQv0Uk_Cfxw2p-n5O_U/preset:listing/plain/51ef2b4caea7a5162a5399c3b398f5f3-2836965545899959638.jpg,MUA Ã”TÃ”-XE Táº¢I-DU Lá»ŠCH HÆ¯ CÅ¨ NÃT CHÃY NGáº¬P Táº¬N NÆ I,168.000.000 Ä‘,2022 - Sá»‘ sÃ n - 12345 km
/mua-ban-oto-quan-tay-ho-ha-noi/108914049.htm#px=SR-stickyad-[PO-5][PL-top],,bÃ¡n biá»ƒn táº·ng xe vios 2015E biá»ƒn vip,288.800.000 Ä‘,2015 - Sá»‘ sÃ n - 150000 km
/mua-ban-oto-huyen-cu-chi-tp-ho-chi-minh/109004847.htm,,Toyota Innova E,269.000.000 Ä‘,2013 - Sá»‘ sÃ n - 99 km
/mua-ban-oto-thanh-pho-thu-duc-tp-ho-chi-minh/108499623.htm,,Toyota Camry 2.4 LE 2008 Nháº­p Kháº©u Má»¹ SiÃªu Cá»p,347.000.000 Ä‘,2008 - Tá»± Ä‘á»™ng - 110000 km
/mua-ban-oto-thanh-pho-thu-duc-tp-ho-chi-minh/109004835.htm,,Toyota Innova E 2.0MT 2021 ÄÄƒng KÃ½ T5/2022 NhÆ° Má»›i,608.000.000 Ä‘,2021 - Sá»‘ sÃ n - 46000 km
/mua-ban-oto-huyen-cu-chi-tp-ho-chi-minh/109004674.htm,,Innova E Xe Gia ÄÃ¬nh,299.000.000 Ä‘,2015 - Sá»‘ sÃ n - 87 km
/mua-ban-oto-quan-12-tp-ho-chi-minh/107259301.htm,,Toyota Ä‘áº§u bÃºa táº£i Van 6ngÆ°á»i/850k,178.000.000 Ä‘,trÆ°á»›c nÄƒm 1980 - Sá»‘ sÃ n - 123456 km
/mua-ban-oto-quan-ba-dinh-ha-noi/108381324.htm,,Toyota Corolla Altis 1.8 HEV sáº£n xuáº¥t 2022,798.000.000 Ä‘,2022 - Tá»± Ä‘á»™ng - 9000 km
/mua-ban-oto-quan-cau-giay-ha-noi/109004502.htm,,BÃN XE TOYOTA LAND CRUISE PARADO 2014 NhÆ° má»›i,1.200.000.000 Ä‘,2014 - Tá»± Ä‘á»™ng - 18000 km
/mua-ban-oto-quan-nam-tu-liem-ha-noi/108923683.htm,,BÃ¡n yaris 2015 báº£n 1.3 nháº­p kháº©u,365.000.000 Ä‘,2015 - Tá»± Ä‘á»™ng - 90000 km
/mua-ban-oto-quan-10-tp-ho-chi-minh/108829022.htm,,"Sienna Limited trÃ¹m má»n má»›i nhÆ° 2021, toÃ n bá»™ zin",2.180.000.000 Ä‘,2016 - Tá»± Ä‘á»™ng - 38000 km
/mua-ban-oto-huyen-thanh-tri-ha-noi/109004128.htm,,Fortuner 2015,465.000.000 Ä‘,2015 - Tá»± Ä‘á»™ng - 70000 km
/mua-ban-oto-quan-ha-dong-ha-noi/109003744.htm,,Altis 2.0V 2014 siÃªu hiáº¿m,450.000.000 Ä‘,2014 - Tá»± Ä‘á»™ng - 70000 km
/mua-ban-oto-thanh-pho-thu-duc-tp-ho-chi-minh/107474584.htm,,TOYOTA CROSS - Giáº£m 50% thuáº¿ trÆ°á»›c báº¡,755.000.000 Ä‘,2023 - Tá»± Ä‘á»™ng - Má»›i
/mua-ban-oto-quan-7-tp-ho-chi-minh/108912961.htm,,Xe Venturer - 2017 ChÃ­nh Chá»§ - MÃ u Äá»,595.000.000 Ä‘,2017 - Tá»± Ä‘á»™ng - 56522 km
/mua-ban-oto-thanh-pho-vi-thanh-hau-giang/105320309.htm,,CAMRY 2000 Sá» SÃ€N - Cá»°C RIN,188.000.000 Ä‘,2000 - Sá»‘ sÃ n - 127000 km
/mua-ban-oto-thanh-pho-di-an-binh-duong/106551716.htm,,VIOS 2014 Sá»‘ SÃ n Xe Äáº¹p,274.000.000 Ä‘,2014 - Sá»‘ sÃ n - 90000 km
/mua-ban-oto-quan-binh-tan-tp-ho-chi-minh/108932257.htm,,TOYOTA FORTUNER 2.4 MÃY Dáº¦U - Sá» SÃ€N 2020 âœ… 37.000,846.000.000 Ä‘,2020 - Sá»‘ sÃ n - 37000 km
/mua-ban-oto-thanh-pho-ben-tre-ben-tre/109003220.htm,,"Cáº§n bÃ¡n Corolla tá»± Ä‘á»™ng 51LD- 1399,",95.000.000 Ä‘,1994 - Tá»± Ä‘á»™ng - 9999 km
/mua-ban-oto-thanh-pho-thu-duc-tp-ho-chi-minh/108853145.htm,,Vios G 2015 AT giÃ¡ há»£p lÃ½,320.000.000 Ä‘,2015 - Tá»± Ä‘á»™ng - 72000 km
/mua-ban-oto-huyen-hoc-mon-tp-ho-chi-minh/108351248.htm,,TOYOTA ZACE SURF-2005-Má»šI NHÆ¯ XE HÃƒNG-XE RIN 100%,285.000.000 Ä‘,2005 - Sá»‘ sÃ n - 65000 km
/mua-ban-oto-huyen-dong-anh-ha-noi/108924500.htm,,Vios 1.5 E Ä‘á»i 2012,220.000.000 Ä‘,2012 - Sá»‘ sÃ n - 120000 km
/mua-ban-oto-quan-tay-ho-ha-noi/108914049.htm#px=SR-stickyad-[PO-1][PL-top],https://cdn.chotot.com/GZvUb9wjgxOLDnPvCyCzoINI4lFiyfjM1gvBZio2_Qw/preset:listing/plain/c9964600f67cc21eb35e0b36f7dffcfb-2837879052308904834.jpg,bÃ¡n biá»ƒn táº·ng xe vios 2015E biá»ƒn vip,288.800.000 Ä‘,2015 - Sá»‘ sÃ n - 150000 km
/mua-ban-oto-quan-hoang-mai-ha-noi/108984774.htm#px=SR-stickyad-[PO-2][PL-top],https://cdn.chotot.com/dCMPPApBJYHhTkHSTYiWDo4ojWYWBRV1ZfqxEVrKPQc/preset:listing/plain/bdebbb0eceeb18f2bfe321dcd5f88cf5-2838244874966542504.jpg,BÃ¡n xe Cross 1.8G 2021 báº£o hÃ nh toyota 2024,695.000.000 Ä‘,2021 - 5 - 25000 km
/mua-ban-oto-quan-7-tp-ho-chi-minh/100691214.htm#px=SR-stickyad-[PO-3][PL-top],https://cdn.chotot.com/_ev3sfQhdWnDc1wffvtDcIDHeqXofWahL2uPZHtmYNM/preset:listing/plain/976be2813ed7471a570ee8cc1300c2a1-2797505578858709121.jpg,"TOYOTA CROSS 1.8V 2023, XE CÃ“ Sáº´N, Há»– TRá»¢ TRÆ¯á»šC Báº ",854.000.000 Ä‘,2023 - Tá»± Ä‘á»™ng - Má»›i
/mua-ban-oto-quan-7-tp-ho-chi-minh/108902621.htm#px=SR-stickyad-[PO-4][PL-top],https://cdn.chotot.com/F_7-mxsMuk1hJlTT8gJkr46x-wCJjnxCdqTj0nUvMVA/preset:listing/plain/4f680460dfdf6b6957abd31136812d87-2837835261442195877.jpg,"TOYOTA CROSS 1.8G 2023, GIÃ Æ¯U ÄÃƒI,Há»– TRá»¢ TRÆ¯á»šC Báº ",760.000.000 Ä‘,2023 - Tá»± Ä‘á»™ng - Má»›i
/mua-ban-oto-quan-hai-chau-da-nang/106499568.htm#px=SR-stickyad-[PO-5][PL-top],,Toyota Yaris 1.5G 2017 siÃªu giá»¯ giÃ¡,449.000.000 Ä‘,2017 - Tá»± Ä‘á»™ng - 64000 km
/mua-ban-oto-huyen-cu-chi-tp-ho-chi-minh/109004847.htm,,Toyota Innova E,269.000.000 Ä‘,2013 - Sá»‘ sÃ n - 99 km
/mua-ban-oto-thanh-pho-thu-duc-tp-ho-chi-minh/108499623.htm,,Toyota Camry 2.4 LE 2008 Nháº­p Kháº©u Má»¹ SiÃªu Cá»p,347.000.000 Ä‘,2008 - Tá»± Ä‘á»™ng - 110000 km
/mua-ban-oto-thanh-pho-thu-duc-tp-ho-chi-minh/109004835.htm,,Toyota Innova E 2.0MT 2021 ÄÄƒng KÃ½ T5/2022 NhÆ° Má»›i,608.000.000 Ä‘,2021 - Sá»‘ sÃ n - 46000 km
/mua-ban-oto-huyen-cu-chi-tp-ho-chi-minh/109004674.htm,,Innova E Xe Gia ÄÃ¬nh,299.000.000 Ä‘,2015 - Sá»‘ sÃ n - 87 km
/mua-ban-oto-quan-12-tp-ho-chi-minh/107259301.htm,,Toyota Ä‘áº§u bÃºa táº£i Van 6ngÆ°á»i/850k,178.000.000 Ä‘,trÆ°á»›c nÄƒm 1980 - Sá»‘ sÃ n - 123456 km
/mua-ban-oto-quan-ba-dinh-ha-noi/108381324.htm,,Toyota Corolla Altis 1.8 HEV sáº£n xuáº¥t 2022,798.000.000 Ä‘,2022 - Tá»± Ä‘á»™ng - 9000 km
/mua-ban-oto-quan-cau-giay-ha-noi/109004502.htm,,BÃN XE TOYOTA LAND CRUISE PARADO 2014 NhÆ° má»›i,1.200.000.000 Ä‘,2014 - Tá»± Ä‘á»™ng - 18000 km
/mua-ban-oto-quan-nam-tu-liem-ha-noi/108923683.htm,,BÃ¡n yaris 2015 báº£n 1.3 nháº­p kháº©u,365.000.000 Ä‘,2015 - Tá»± Ä‘á»™ng - 90000 km
/mua-ban-oto-quan-10-tp-ho-chi-minh/108829022.htm,,"Sienna Limited trÃ¹m má»n má»›i nhÆ° 2021, toÃ n bá»™ zin",2.180.000.000 Ä‘,2016 - Tá»± Ä‘á»™ng - 38000 km
/mua-ban-oto-huyen-thanh-tri-ha-noi/109004128.htm,,Fortuner 2015,465.000.000 Ä‘,2015 - Tá»± Ä‘á»™ng - 70000 km
/mua-ban-oto-quan-ha-dong-ha-noi/109003744.htm,,Altis 2.0V 2014 siÃªu hiáº¿m,450.000.000 Ä‘,2014 - Tá»± Ä‘á»™ng - 70000 km
/mua-ban-oto-thanh-pho-thu-duc-tp-ho-chi-minh/107474584.htm,,TOYOTA CROSS - Giáº£m 50% thuáº¿ trÆ°á»›c báº¡,755.000.000 Ä‘,2023 - Tá»± Ä‘á»™ng - Má»›i
/mua-ban-oto-quan-7-tp-ho-chi-minh/108912961.htm,,Xe Venturer - 2017 ChÃ­nh Chá»§ - MÃ u Äá»,595.000.000 Ä‘,2017 - Tá»± Ä‘á»™ng - 56522 km
/mua-ban-oto-thanh-pho-vi-thanh-hau-giang/105320309.htm,,CAMRY 2000 Sá» SÃ€N - Cá»°C RIN,188.000.000 Ä‘,2000 - Sá»‘ sÃ n - 127000 km
/mua-ban-oto-thanh-pho-di-an-binh-duong/106551716.htm,,VIOS 2014 Sá»‘ SÃ n Xe Äáº¹p,274.000.000 Ä‘,2014 - Sá»‘ sÃ n - 90000 km
/mua-ban-oto-quan-binh-tan-tp-ho-chi-minh/108932257.htm,,TOYOTA FORTUNER 2.4 MÃY Dáº¦U - Sá» SÃ€N 2020 âœ… 37.000,846.000.000 Ä‘,2020 - Sá»‘ sÃ n - 37000 km
/mua-ban-oto-thanh-pho-ben-tre-ben-tre/109003220.htm,,"Cáº§n bÃ¡n Corolla tá»± Ä‘á»™ng 51LD- 1399,",95.000.000 Ä‘,1994 - Tá»± Ä‘á»™ng - 9999 km
/mua-ban-oto-thanh-pho-thu-duc-tp-ho-chi-minh/108853145.htm,,Vios G 2015 AT giÃ¡ há»£p lÃ½,320.000.000 Ä‘,2015 - Tá»± Ä‘á»™ng - 72000 km
/mua-ban-oto-huyen-hoc-mon-tp-ho-chi-minh/108351248.htm,,TOYOTA ZACE SURF-2005-Má»šI NHÆ¯ XE HÃƒNG-XE RIN 100%,285.000.000 Ä‘,2005 - Sá»‘ sÃ n - 65000 km
/mua-ban-oto-huyen-dong-anh-ha-noi/108924500.htm,,Vios 1.5 E Ä‘á»i 2012,220.000.000 Ä‘,2012 - Sá»‘ sÃ n - 120000 km
/mua-ban-oto-huyen-cao-lanh-dong-thap/108885971.htm#px=SR-stickyad-[PO-1][PL-top],https://cdn.chotot.com/FNAl6VcR34XSwM_tzsi5K1If1R2XuMM2gVQEUiJAniA/preset:listing/plain/7f634efb155029334abd7159c521d192-2837785335592815730.jpg,Toyota innova 2013 2.0E,310.000.000 Ä‘,2013 - Sá»‘ sÃ n - 128000 km
/mua-ban-oto-quan-hai-chau-da-nang/106499568.htm#px=SR-stickyad-[PO-2][PL-top],https://cdn.chotot.com/yNBBixcdfleaTiJMu7NdiHarUcP8sUGmcHv3CWgQUDs/preset:listing/plain/0a707e7cf9642a6488c9d250b702ca38-2825804230243085352.jpg,Toyota Yaris 1.5G 2017 siÃªu giá»¯ giÃ¡,449.000.000 Ä‘,2017 - Tá»± Ä‘á»™ng - 64000 km
/mua-ban-oto-thanh-pho-tan-an-long-an/108769473.htm#px=SR-stickyad-[PO-3][PL-top],https://cdn.chotot.com/n6tabWHfdabMNCXMoLCCi6AZ0GN1A592xl-WOiQM_Bg/preset:listing/plain/f51c4242c134f70de5d5026893a9ea71-2837125047473045257.jpg,cáº§n ra e taxi hoÃ n lÆ°Æ¡ng,85.000.000 Ä‘,2006 - Sá»‘ sÃ n - 300000 km
/mua-ban-oto-thanh-pho-bao-loc-lam-dong/108977571.htm#px=SR-stickyad-[PO-4][PL-top],https://cdn.chotot.com/va73vz02hyc38N-Fl9SKiq6-4HwjI0QNg93ukzxcHpg/preset:listing/plain/4560c7c4c382c3e2c967eb9191704f1c-2838224511378534424.jpg,Cáº¦N BÃN Cáº¢MY NHáº¬P Má»¸,415.000.000 Ä‘,2008 - Tá»± Ä‘á»™ng - 100 km
/mua-ban-oto-thanh-pho-thuan-an-binh-duong/108730337.htm#px=SR-stickyad-[PO-5][PL-top],,MUA Ã”TÃ”-XE Táº¢I-DU Lá»ŠCH HÆ¯ CÅ¨ NÃT CHÃY NGáº¬P Táº¬N NÆ I,168.000.000 Ä‘,2022 - Sá»‘ sÃ n - 12345 km
/mua-ban-oto-quan-go-vap-tp-ho-chi-minh/104636160.htm,,"Fortuner 2 cáº§u, tá»± Ä‘á»™ng, form má»›i 2015, biá»ƒn HCM",470.000.000 Ä‘,2014 - Tá»± Ä‘á»™ng - 140000 km
/mua-ban-oto-thanh-pho-thu-duc-tp-ho-chi-minh/106847659.htm,,ð—§ð—¢ð—¬ð—¢ð—§ð—” ð—–ð—”ð— ð—¥ð—¬ ð—›ð—¬ð—•ð—¥ð—œð——- Äð—”Ì†Ì‰ð—¡ð—š ð—–ð—”Ì‚Ìð—£ ð——ð—¢ð—”ð—¡ð—› ð—¡ð—›ð€Ì‚ð—¡ ðŸ”‹,300.000.000 Ä‘,2023 - Tá»± Ä‘á»™ng - Má»›i
/mua-ban-oto-quan-thanh-xuan-ha-noi/107894379.htm,,TOYOTA VIOS G 2020 Biá»ƒn HN - Báº£n cao cáº¥p nháº¥t,475.000.000 Ä‘,2020 - 5 - 45000 km
/mua-ban-oto-quan-thanh-xuan-ha-noi/108807844.htm,,cáº§n bÃ¡n xe vios Ä‘á»i 2020 tÃªn tÆ° nhÃ¢n 1 chá»§ cháº¥t ðŸ’¯ðŸ’¯,395.000.000 Ä‘,2020 - Sá»‘ sÃ n - 40000 km
/mua-ban-oto-quan-ha-dong-ha-noi/108766230.htm,,Innova 2011 2.0G sá»‘ sÃ n,275.000.000 Ä‘,2011 - Sá»‘ sÃ n - 1 km
/mua-ban-oto-thanh-pho-thu-duc-tp-ho-chi-minh/108263210.htm,,ðŸðŸðŸ VIOS 2023 ðŸðŸðŸ Giao Xe Ngay Æ¯u ÄÃ£i VÃ´ CÃ¹ng Lá»›n,514.000.000 Ä‘,2023 - Tá»± Ä‘á»™ng - Má»›i
/mua-ban-oto-thanh-pho-ba-ria-ba-ria-vung-tau/108835275.htm,,Xe gia Ä‘Ã¬nh,175.000.000 Ä‘,2000 - Sá»‘ sÃ n - 15000 km
/mua-ban-oto-thanh-pho-thu-dau-mot-binh-duong/107922300.htm,,XE Cá»” TOYOTA A 800 ZIN BAO RÃšT HS Dá»ŒN THEO YÃŠU Cáº¦U,99.000.000 Ä‘,trÆ°á»›c nÄƒm 1980 - Sá»‘ sÃ n - 123 km
/mua-ban-oto-quan-ha-dong-ha-noi/108242635.htm,,Innova 2009 2.0V sá»‘ tá»± Ä‘á»™ng,285.000.000 Ä‘,2009 - Tá»± Ä‘á»™ng - 1 km
/mua-ban-oto-thanh-pho-thuan-an-binh-duong/107245832.htm,,"Toyota Camry 2.5Q 2022, zin, giÃ¡ bÃ¡n 1,25T",1.250.000.000 Ä‘,2022 - Tá»± Ä‘á»™ng - 22000 km
/mua-ban-oto-thanh-pho-thu-duc-tp-ho-chi-minh/108969105.htm,,BÃ¡n Toyota Vios G 2019 - Cháº¡y 23.000km,445.000.000 Ä‘,2019 - Tá»± Ä‘á»™ng - 23000 km
/mua-ban-oto-huyen-thanh-tri-ha-noi/102455862.htm,,bÃ¡n Toyota corolla Cross G 2021 HÃ  Ná»™i BH TSure,695.000.000 Ä‘,2021 - Tá»± Ä‘á»™ng - 13000 km
/mua-ban-oto-quan-tan-binh-tp-ho-chi-minh/108891404.htm,,"innova Ä‘á»i 2017,sá»‘ tay,mÃ u nÃ¢u",470.000.000 Ä‘,2017 - Sá»‘ sÃ n - 68000 km
/mua-ban-oto-quan-cau-giay-ha-noi/108921893.htm,,Toyota Land Cruiser Prado 2010,788.000.000 Ä‘,2010 - Tá»± Ä‘á»™ng - 130000 km
/mua-ban-oto-thanh-pho-vi-thanh-hau-giang/105994818.htm,,VIOS 2020 Sá» SÃ€N - Cá»°C Äáº¸P,388.000.000 Ä‘,2020 - Sá»‘ sÃ n - 38000 km
/mua-ban-oto-quan-ha-dong-ha-noi/108598076.htm,,toyota altis 1.8G MT  2009,266.000.000 Ä‘,2009 - Sá»‘ sÃ n - 98000 km
/mua-ban-oto-quan-binh-tan-tp-ho-chi-minh/109002122.htm,,Toyoya Wigo Sá»‘ SÃ n Xe Äáº¹p,239.000.000 Ä‘,2019 - Sá»‘ sÃ n - 40 km
/mua-ban-oto-quan-6-tp-ho-chi-minh/108900307.htm,,Toyota Innova 2018 Sá»‘ SÃ n Biá»ƒn TP.HCM Odo 77.000km,540.000.000 Ä‘,2018 - Sá»‘ sÃ n - 77000 km
/mua-ban-oto-quan-7-tp-ho-chi-minh/108900541.htm,,"Toyota Innova 2018 2.0E, Biá»ƒn TP.HCM, Odo 77.000km",540.000.000 Ä‘,2018 - Sá»‘ sÃ n - 77000 km
/mua-ban-oto-huyen-cu-chi-tp-ho-chi-minh/108638067.htm,,toyota vios 2018 MT báº£n E zin . mÃ¡y náº¯p cÃ² chÆ°a ra,306.000.000 Ä‘,2018 - Sá»‘ sÃ n - 79000 km
/mua-ban-oto-thanh-pho-thu-duc-tp-ho-chi-minh/109001948.htm,https://cdn.chotot.com/h7gu2qrGxtN68T2NM5HaCN7w-s1_6E61lE8_8sanQWY/preset:listing/plain/0fe188164b1e65adaea2045fff66f532-2838302148151456487.jpg,TOYOTA ZACE CAO Cáº¤P GL-2002-Má»šI NHÆ¯ HÃƒNG-RIN 100%,195.000.000 Ä‘,2002 - Sá»‘ sÃ n - 75000 km
/mua-ban-oto-quan-nam-tu-liem-ha-noi/108152233.htm,https://cdn.chotot.com/cmSP7xJXDNcVszQ7lnwJnhkrh4IvvxU6gqwaAcj6ePo/preset:listing/plain/c16a22090006aa45a2fb6fbc330f8b0b-2837951557493525798.jpg,Toyota Yaris 1.5AT nháº­p Nháº­t mÃ u báº¡c biá»ƒn HÃ  Ná»™i,210.000.000 Ä‘,2006 - Tá»± Ä‘á»™ng - 140000 km
/mua-ban-oto-thanh-pho-di-an-binh-duong/108010642.htm,https://cdn.chotot.com/RYURfhDcC47XtXVk6a-XgpiBeRd_PX6_nQPW9epy72E/preset:listing/plain/41f15696ff23085b8352b536f42076a7-2833367975469701449.jpg,Inova 2009 xe Gia ÄÃ¬nh cá»©ng ngáº¯c,285.000.000 Ä‘,2009 - Sá»‘ sÃ n - 110000 km
/mua-ban-oto-quan-thanh-xuan-ha-noi/108080252.htm,https://cdn.chotot.com/lIxJ_Y7DpsPONr7pz9YmDE98uamFTb4sBP-t85UVKM8/preset:listing/plain/7bca4513ea974ec2e056dce60fc4974e-2833758472440946176.jpg,BÃ¡n Vios G 1.5at sx 2019 Ä‘i hÆ¡n 3vankm,455.000.000 Ä‘,2019 - Tá»± Ä‘á»™ng - 38000 km
/mua-ban-oto-quan-nam-tu-liem-ha-noi/103770938.htm,,vios 2019g Ä‘áº¹p cÄƒng 5.6v km,445.000.000 Ä‘,2019 - Tá»± Ä‘á»™ng - 56668 km
/mua-ban-oto-quan-ha-dong-ha-noi/107380947.htm,,"ChÃ­nh chá»§ cáº§n bÃ¡n Toyota Vios 1.5 E sá»‘ sÃ n, báº£n Ä‘á»§",330.000.000 Ä‘,2018 - Sá»‘ sÃ n - 88898 km
/mua-ban-oto-quan-ha-dong-ha-noi/108975265.htm,,toyota Fortuno 2010 máº§u xÃ¡m sá»‘ tá»± Ä‘á»™ng,338.000.000 Ä‘,2010 - Tá»± Ä‘á»™ng - 100000 km
/mua-ban-oto-quan-binh-tan-tp-ho-chi-minh/108705669.htm,,INNOVA 2.0E 2017 sá»‘ sÃ n xe nguyÃªn zin bao test,468.000.000 Ä‘,2017 - Sá»‘ sÃ n - 67000 km
/mua-ban-oto-quan-ha-dong-ha-noi/106835198.htm,,TÃ´i cáº§n bÃ¡n Vios 1.5 E Xá»‹n 2018,325.000.000 Ä‘,2018 - Sá»‘ sÃ n - 89000 km
/mua-ban-oto-quan-long-bien-ha-noi/108957806.htm,,Toyota Vios 2019 sá»‘ tá»± Ä‘á»™ng mÃ u vÃ ng cÃ¡t,425.000.000 Ä‘,2019 - Tá»± Ä‘á»™ng - 40000 km
/mua-ban-oto-quan-thanh-xuan-ha-noi/107854035.htm,,"Toyota vios 1.5 sá»‘ sÃ n 2020 báº£n full option,",395.000.000 Ä‘,2020 - Sá»‘ sÃ n - 60000 km
/mua-ban-oto-thanh-pho-thu-duc-tp-ho-chi-minh/105619342.htm,,Ä‘á»•i 7chá»• bÃ¡n camry 2.2 sá»‘ tá»± Ä‘á»™ng nháº­p thá»£ mÃ¡y Ä‘i,96.000.000 Ä‘,1990 - Tá»± Ä‘á»™ng - 123 km
/mua-ban-oto-thanh-pho-sa-dec-dong-thap/109001329.htm,,VIOS 2006,115.000.000 Ä‘,2006 - Sá»‘ sÃ n - 176580 km
/mua-ban-oto-huyen-duong-minh-chau-tay-ninh/108535549.htm,,bÃ¡n zac 203GL hoáº·c giao lÆ°u xe khÃ¡c xe táº£i thÃ¬ ok,119.000.000 Ä‘,2003 - Sá»‘ sÃ n - 11111 km
/mua-ban-oto-quan-12-tp-ho-chi-minh/107349246.htm,,Toyota Fortuner 2012 sá»‘ tá»± Ä‘á»™ng 2 cáº§u,405.000.000 Ä‘,2012 - Tá»± Ä‘á»™ng - 83000 km
/mua-ban-oto-thanh-pho-thu-duc-tp-ho-chi-minh/108471205.htm,,xe dÄ™p biá»ƒn tá»© quÃ½ sá»‘ tiáº¿n ae tim sá»‘ Ä‘áº¹p alo nhÃ©,900.000.000 Ä‘,2010 - Tá»± Ä‘á»™ng - 123 km
/mua-ban-oto-quan-binh-tan-tp-ho-chi-minh/109001134.htm,,Cáº¦N BÃN VIOS 218 Báº¢N G XE Äáº¸P BAO TEST HÃƒNG,399.000.000 Ä‘,2018 - Tá»± Ä‘á»™ng - 71000 km
/mua-ban-oto-quan-long-bien-ha-noi/108507439.htm,,Toyota Vios G 2018 sá»‘ tá»± Ä‘á»™ng mÃ u vÃ ng cÃ¡t,425.000.000 Ä‘,2018 - Tá»± Ä‘á»™ng - 45000 km
/mua-ban-oto-quan-12-tp-ho-chi-minh/107379699.htm,,Toyota Fortuner 2.7V 2015 xe gia Ä‘Ã¬nh cáº§n bÃ¡n,455.000.000 Ä‘,2015 - Tá»± Ä‘á»™ng - 120000 km
/mua-ban-oto-quan-thanh-xuan-ha-noi/109000982.htm,,Vios 1.5G,488.000.000 Ä‘,2021 - Tá»± Ä‘á»™ng - 39000 km
/mua-ban-oto-thanh-pho-vung-tau-ba-ria-vung-tau/108033009.htm,https://cdn.chotot.com/fqTbCsBjpoHmah0macrVbWU-i2GOmUcgBzM7vApnUtM/preset:listing/plain/9729f72e0c4718581087b7bb291f9ea6-2833503627635683698.jpg,Camry 2.5Q 2018,730.000.000 Ä‘,2018 - Tá»± Ä‘á»™ng - 49000 km
/mua-ban-oto-quan-long-bien-ha-noi/106713023.htm,https://cdn.chotot.com/qDr9XP10cziJyy0-emYM4glMtzTQ7aZR6caAWGa-j3Q/preset:listing/plain/28d6119a53bf379d6f40cd267047af86-2826825410218133035.jpg,VIOS G2019,435.000.000 Ä‘,2019 - Tá»± Ä‘á»™ng - 62000 km
/mua-ban-oto-quan-phu-nhuan-tp-ho-chi-minh/105836172.htm,https://cdn.chotot.com/B5HLWbaEPR0Igiv6zNlz0rxJB5w90sAfOW3iLjL6nqM/preset:listing/plain/6de9a3d08af607af82835ac2d69a638a-2827111825143443563.jpg,"Toyota Venza 3.5 AWD Full Model 2010,Má»›i N.háº¥t VN",497.000.000 Ä‘,2010 - Tá»± Ä‘á»™ng - 69000 km
/mua-ban-oto-quan-tan-phu-tp-ho-chi-minh/108971619.htm,https://cdn.chotot.com/YorFelhVrOJbfgnHcgYeeSRgVb5q6v0x1HZGOkK-D8o/preset:listing/plain/0ae56c5d98ea5f39b75ab739ff5418ef-2838150023924131068.jpg,BÃ¡n Xe Vios Sá»‘ SÃ n. 38.000km,407.000.000 Ä‘,2021 - Sá»‘ sÃ n - 38000 km
/mua-ban-oto-quan-12-tp-ho-chi-minh/107930780.htm,,Toyota Wigo Ä‘á»i 2019 sá»‘ tÄ‘ xe nhÃ  sá»­ dá»¥ng,288.000.000 Ä‘,2019 - Tá»± Ä‘á»™ng - 30000 km
/mua-ban-oto-huyen-binh-chanh-tp-ho-chi-minh/107296783.htm,,BÃ¡n Sienna 2007 Limited,550.000.000 Ä‘,2007 - Tá»± Ä‘á»™ng - 92000 km
/mua-ban-oto-quan-thanh-xuan-ha-noi/108248812.htm,,Toyota vios G 2017 báº£n full option,383.000.000 Ä‘,2017 - Tá»± Ä‘á»™ng - 60000 km
/mua-ban-oto-thanh-pho-thu-duc-tp-ho-chi-minh/108907810.htm,,BÃ¡n Veloz Top 2022 Báº¡c LÆ°á»›t 6.5000km Má»›i Leng Keng,655.000.000 Ä‘,2022 - Tá»± Ä‘á»™ng - 6500 km
/mua-ban-oto-quan-12-tp-ho-chi-minh/105544564.htm,,Toyota Wigo 1.2AT 2019 xe gÄ‘ siÃªu Ä‘áº¹p khÃ´ng lá»—i,299.000.000 Ä‘,2019 - Tá»± Ä‘á»™ng - 56000 km
/mua-ban-oto-thanh-pho-vung-tau-ba-ria-vung-tau/107529962.htm,,Xe Toyota Corolla altis 1.8E AT 2021,570.000.000 Ä‘,2021 - Tá»± Ä‘á»™ng - 17252 km
/mua-ban-oto-quan-thanh-xuan-ha-noi/109000601.htm,,Hilux 2.4G Sá»‘ sÃ n 2Cáº§u,575.000.000 Ä‘,2018 - Sá»‘ sÃ n - 62000 km
/mua-ban-oto-quan-ha-dong-ha-noi/108798992.htm,,corola Ä‘áº¹p cáº§n bÃ¡n,75.000.000 Ä‘,1997 - Sá»‘ sÃ n - 12348 km
/mua-ban-oto-quan-ha-dong-ha-noi/107914694.htm,,xe chÃ­nh chá»§ cáº§n bÃ¡n toyota vios 2006,172.000.000 Ä‘,2006 - Sá»‘ sÃ n - 150000 km
/mua-ban-oto-huyen-cu-chi-tp-ho-chi-minh/108093331.htm,,"TOYOTA VIOS 2019 sá»‘ sÃ n, 7 tÃºi khÃ­",349.000.000 Ä‘,2019 - Sá»‘ sÃ n - 91000 km
/mua-ban-oto-quan-12-tp-ho-chi-minh/97662970.htm,,Cáº§n bÃ¡n hoáº·c Ä‘á»•i 7C Ä‘á»i cao.Toyota Venza 3.5 AWD,498.000.000 Ä‘,2009 - Tá»± Ä‘á»™ng - 60500 km
/mua-ban-oto-quan-12-tp-ho-chi-minh/109000468.htm,,Toyota vios 1.5E 2021 siÃªu Ä‘áº¹p KHÃ”NG Lá»–I,385.000.000 Ä‘,2021 - Sá»‘ sÃ n - 51000 km
/mua-ban-oto-thanh-pho-thu-duc-tp-ho-chi-minh/107958854.htm,,Innova 2017 2.0E MT Odo 6v Äá»“ng Cá»±c Äáº¹p GiÃ¡ Tá»‘t,449.000.000 Ä‘,2017 - Sá»‘ sÃ n - 65000 km
/mua-ban-oto-huyen-hoc-mon-tp-ho-chi-minh/108934424.htm,,nhÃ  cáº§n bÃ¡n inova Ä‘á»i 2015 sá»‘ sÃ n 2.0 E,353.000.000 Ä‘,2015 - Sá»‘ sÃ n - 89000 km
/mua-ban-oto-huyen-cu-chi-tp-ho-chi-minh/108802803.htm,,VIOS E 2019 sá»‘ sÃ n Ä‘áº¹p báº£n 7 tÃºi khÃ­,335.000.000 Ä‘,2018 - Sá»‘ sÃ n - 86000 km
/mua-ban-oto-quan-ninh-kieu-can-tho/109000115.htm,,Xe Camry Ã­t sá»­ dá»¥ng cáº§n bÃ¡n,580.000.000 Ä‘,2016 - Tá»± Ä‘á»™ng - 83000 km
